Folk Rock_5687.jpg,0
Gothic Rock_5904.jpg,0
Krautrock_3843.jpg,0
Alternative Rock_2755.jpg,0
Psychedelic Rock_2612.jpg,0
Glam Rock_2400.jpg,0
Garage Rock_4077.jpg,0
Psychedelic Rock_3025.jpg,0
Southern Rock_6058.jpg,0
Gothic Rock_4387.jpg,0
Rock_1061.jpg,0
Alternative Rock_2016.jpg,0
Alternative Rock_1543.jpg,0
New Wave_5858.jpg,0
Gothic Rock_2627.jpg,0
Psychedelic Rock_5271.jpg,0
Psychedelic Rock_4427.jpg,0
Garage Rock_2532.jpg,0
Alternative Rock_6192.jpg,0
Alternative Rock_3903.jpg,0
Alternative Rock_2222.jpg,0
Alternative Rock_5418.jpg,0
Rock_687.jpg,0
Alternative Rock_3091.jpg,0
Alternative Rock_2565.jpg,0
Post-Hardcore_4803.jpg,0
Experimental Rock_4220.jpg,1
Indie Rock_4073.jpg,1
Indie Rock_1568.jpg,1
Post-Rock_645.jpg,1
Indie Rock_2262.jpg,1
Indie Rock_2961.jpg,1
Indie Rock_1632.jpg,1
Noise Rock_5897.jpg,1
Indie Rock_4182.jpg,1
Indie Rock_1520.jpg,1
Post-Punk_2570.jpg,1
Art Rock_2864.jpg,1
Noise Rock_5403.jpg,1
Grunge_4174.jpg,1
Indie Rock_1470.jpg,1
Indie Rock_34.jpg,1
Dream Pop_4594.jpg,1
Post-Rock_56.jpg,1
Post-Punk_2060.jpg,1
Post-Punk_1329.jpg,1
Acoustic Rock_1481.jpg,1
Indie Rock_3448.jpg,1
Dream Pop_2431.jpg,1
Post-Punk_4755.jpg,1
Post-Punk_4447.jpg,1
Industrial Rock_4166.jpg,1
Pop Punk_3792.jpg,2
Pop Punk_4371.jpg,2
Hardcore Punk_1324.jpg,2
Pop Punk_3934.jpg,2
Garage Punk_5254.jpg,2
Punk Rock_3955.jpg,2
Folk Punk_6384.jpg,2
Pop Punk_4191.jpg,2
Hardcore Punk_2554.jpg,2
Punk Rock_1417.jpg,2
Hardcore Punk_3615.jpg,2
Pop Punk_998.jpg,2
Baggy_3946.jpg,2
Punk Rock_4993.jpg,2
Hardcore Punk_6227.jpg,2
Pop Punk_1272.jpg,2
Pop Punk_5124.jpg,2
Garage Punk_719.jpg,2
Garage Punk_4940.jpg,2
Garage Punk_395.jpg,2
Punk Rock_3688.jpg,2
Pop Punk_3933.jpg,2
Pop Punk_2811.jpg,2
Punk Rock_5537.jpg,2
Hardcore Punk_3146.jpg,2
Skate Punk_4192.jpg,2
Black Metal_5110.jpg,3
Industrial Metal_4932.jpg,3
Thrash Metal_5083.jpg,3
Doom Metal_4929.jpg,3
Blackgaze_5073.jpg,3
Doom Metal_3471.jpg,3
Sludge Metal_2199.jpg,3
Melodic Black Metal_5058.jpg,3
Thrash Metal_5559.jpg,3
Thrash Metal_5116.jpg,3
Metalcore_4871.jpg,3
Progressive Metal_940.jpg,3
Melodic Death Metal_5928.jpg,3
Thrash Metal_5594.jpg,3
Atmospheric Black Metal_2906.jpg,3
Gothic Metal_5909.jpg,3
Thrash Metal_5168.jpg,3
Drone Metal_1902.jpg,3
Doom Metal_3216.jpg,3
Stoner Metal_4058.jpg,3
Stoner Metal_2453.jpg,3
Heavy Metal_1521.jpg,3
Black Metal_2947.jpg,3
Heavy Metal_5085.jpg,3
Thrash Metal_5586.jpg,3
Metalcore_4325.jpg,3
Electronic_5037.jpg,4
Electronic_2781.jpg,4
Electropop_204.jpg,4
Electronic Dance Music_2833.jpg,4
House_4813.jpg,4
Electronic_2778.jpg,4
Electronic_2950.jpg,4
Electronic_2313.jpg,4
Electronic_3089.jpg,4
Future Garage_6132.jpg,4
Electropop_1987.jpg,4
Electronic_5023.jpg,4
Electronic_3851.jpg,4
Brostep_2979.jpg,4
Electronic_6062.jpg,4
Electronic_4707.jpg,4
Electronic_5996.jpg,4
Dubstep_2202.jpg,4
Future Garage_6253.jpg,4
Big Beat_61.jpg,4
Electronic_3518.jpg,4
Balearic Beat_1149.jpg,4
Dubstep_1221.jpg,4
Microhouse_2006.jpg,4
Electronic_3425.jpg,4
Electronic_3868.jpg,4
French House_4980.jpg,5
Synth Funk_4501.jpg,5
Hypnagogic Pop_3609.jpg,5
Italo-Disco_1151.jpg,5
Synthpop_5433.jpg,5
Indietronica_161.jpg,5
Synthpop_2238.jpg,5
Synthpop_1610.jpg,5
Indietronica_219.jpg,5
Witch House_2004.jpg,5
Synthpop_5350.jpg,5
Synthpop_2717.jpg,5
Synthpop_6198.jpg,5
Chillwave_1820.jpg,5
Indietronica_250.jpg,5
Synthpop_5348.jpg,5
New Rave_1168.jpg,5
Synthwave_2188.jpg,5
Synthpop_5352.jpg,5
Chillwave_3068.jpg,5
Indietronica_2826.jpg,5
Synthpop_6063.jpg,5
Synthpop_2940.jpg,5
Synthpop_4369.jpg,5
Indietronica_252.jpg,5
Synthpop_5346.jpg,5
Pop Rock_6360.jpg,6
Pop Rock_6315.jpg,6
Pop Rap_2957.jpg,6
Pop Rock_2726.jpg,6
Pop Rock_4269.jpg,6
Pop Rock_1728.jpg,6
Pop Rock_6372.jpg,6
Pop_8.jpg,6
Pop Rock_4093.jpg,6
Dance-Pop_3877.jpg,6
Pop_5339.jpg,6
Dance-Pop_3542.jpg,6
Pop Rap_2907.jpg,6
Pop Rap_1765.jpg,6
Teen Pop_4812.jpg,6
Pop Reggae_3177.jpg,6
Pop Rock_6210.jpg,6
Pop Rap_3773.jpg,6
Pop Rap_3578.jpg,6
Latin Pop_5489.jpg,6
Pop Rap_2724.jpg,6
Pop Rock_5619.jpg,6
Pop Rap_115.jpg,6
Pop Rock_1977.jpg,6
Dance-Pop_1786.jpg,6
Pop Rap_996.jpg,6
Soul_6319.jpg,7
Funk_4897.jpg,7
Jazz-Funk_4626.jpg,7
Contemporary R&B_5463.jpg,7
Contemporary R&B_3557.jpg,7
Pop Soul_1689.jpg,7
Soul_1903.jpg,7
Soul_2990.jpg,7
Contemporary R&B_1198.jpg,7
Contemporary R&B_6355.jpg,7
Alternative R&B_2830.jpg,7
Progressive Soul_5593.jpg,7
Deep Soul_3486.jpg,7
Contemporary R&B_2587.jpg,7
Soul_4566.jpg,7
Soul_2748.jpg,7
Contemporary R&B_748.jpg,7
Pop Soul_632.jpg,7
Neo-Soul_4750.jpg,7
Alternative R&B_5412.jpg,7
Soul_1782.jpg,7
Contemporary R&B_1731.jpg,7
Gospel_1131.jpg,7
Neo-Soul_5973.jpg,7
Funk_6318.jpg,7
Contemporary R&B_6003.jpg,7
Baroque Pop_6236.jpg,8
Indie Pop_3285.jpg,8
Indie Pop_4670.jpg,8
Indie Pop_3376.jpg,8
Indie Pop_3305.jpg,8
Psychedelic Pop_4353.jpg,8
Indie Pop_2854.jpg,8
Chamber Pop_16.jpg,8
Indie Pop_1957.jpg,8
Indie Pop_660.jpg,8
Indie Pop_2893.jpg,8
Indie Pop_2050.jpg,8
Indie Pop_5287.jpg,8
Indie Pop_2913.jpg,8
Indie Pop_4943.jpg,8
Indie Pop_771.jpg,8
Indie Pop_1465.jpg,8
Indie Pop_2304.jpg,8
Indie Pop_4045.jpg,8
Chamber Pop_1348.jpg,8
Indie Pop_3354.jpg,8
Art Pop_4275.jpg,8
Art Pop_1353.jpg,8
Indie Pop_174.jpg,8
Indie Pop_264.jpg,8
Indie Pop_1625.jpg,8
Afro-Cuban Jazz_1314.jpg,9
Jazz_1214.jpg,9
Third Stream_6041.jpg,9
Nu Jazz_2836.jpg,9
Vocal Jazz_3503.jpg,9
Jazz_5666.jpg,9
Jazz_1556.jpg,9
Cool Jazz_6040.jpg,9
Acid Jazz_4252.jpg,9
Nu Jazz_4595.jpg,9
Avant-Garde Jazz_4728.jpg,9
Jazz_3112.jpg,9
Jazz Rap_4130.jpg,9
Jazz Fusion_6090.jpg,9
Jazz Rap_4342.jpg,9
Avant-Garde Jazz_4874.jpg,9
Jazz_3106.jpg,9
ECM Style Jazz_1077.jpg,9
Jazz Fusion_6055.jpg,9
Vocal Jazz_615.jpg,9
Jazz_4697.jpg,9
Avant-Garde Jazz_3686.jpg,9
Chamber Jazz_5771.jpg,9
Jazz_2550.jpg,9
Jazz_2254.jpg,9
Jazz Rap_4605.jpg,9
Conscious Hip Hop_2428.jpg,10
Boom Bap_1114.jpg,10
Hip Hop_6281.jpg,10
Industrial Hip Hop_3506.jpg,10
Gangsta Rap_2022.jpg,10
Conscious Hip Hop_567.jpg,10
East Coast Hip Hop_5334.jpg,10
Abstract Hip Hop_4868.jpg,10
Southern Hip Hop_2024.jpg,10
West Coast Hip Hop_4752.jpg,10
Hardcore Hip Hop_2597.jpg,10
East Coast Hip Hop_2722.jpg,10
Hardcore Hip Hop_4396.jpg,10
East Coast Hip Hop_577.jpg,10
Hip Hop_3748.jpg,10
Conscious Hip Hop_3840.jpg,10
Trip Hop_955.jpg,10
Trip Hop_2552.jpg,10
Conscious Hip Hop_3970.jpg,10
Hip Hop_5361.jpg,10
East Coast Hip Hop_233.jpg,10
French Hip Hop_6321.jpg,10
Horrorcore_5872.jpg,10
Hip Hop_2719.jpg,10
Conscious Hip Hop_4258.jpg,10
Hip Hop_5469.jpg,10
Indie Folk_1070.jpg,11
Singer-Songwriter_1067.jpg,11
Contemporary Folk_6079.jpg,11
Singer-Songwriter_766.jpg,11
Folk_2219.jpg,11
Folk_3599.jpg,11
Singer-Songwriter_2403.jpg,11
Singer-Songwriter_2145.jpg,11
Folk_5701.jpg,11
Folk_2348.jpg,11
Folk_3900.jpg,11
Singer-Songwriter_2311.jpg,11
Singer-Songwriter_3727.jpg,11
Singer-Songwriter_2463.jpg,11
Singer-Songwriter_858.jpg,11
Singer-Songwriter_1915.jpg,11
Folk_3268.jpg,11
Singer-Songwriter_105.jpg,11
Folk_2220.jpg,11
Indie Folk_5341.jpg,11
Singer-Songwriter_4878.jpg,11
Singer-Songwriter_4593.jpg,11
Indie Folk_4298.jpg,11
Indie Folk_5038.jpg,11
Singer-Songwriter_1426.jpg,11
Americana_1123.jpg,11
Alt-Country_106.jpg,12
Alt-Country_354.jpg,12
Alt-Country_6113.jpg,12
Alt-Country_1576.jpg,12
Alt-Country_533.jpg,12
Alt-Country_371.jpg,12
Alt-Country_1577.jpg,12
Alt-Country_2772.jpg,12
Alt-Country_918.jpg,12
Alt-Country_20.jpg,12
Alt-Country_6196.jpg,12
Alt-Country_2757.jpg,12
Country Pop_3099.jpg,12
Alt-Country_4375.jpg,12
Country_5847.jpg,12
Alt-Country_340.jpg,12
Country_5182.jpg,12
Alt-Country_636.jpg,12
Alt-Country_602.jpg,12
Alt-Country_2869.jpg,12
Bluegrass_2166.jpg,12
Alt-Country_2596.jpg,12
Alt-Country_347.jpg,12
Alt-Country_2595.jpg,12
Alt-Country_759.jpg,12
Country_4979.jpg,12
Drone_5832.jpg,13
Wonky_5405.jpg,13
Experimental_2936.jpg,13
Downtempo_2517.jpg,13
Experimental_3653.jpg,13
Chillstep_1962.jpg,13
Drone_1772.jpg,13
Wonky_2962.jpg,13
IDM_5801.jpg,13
IDM_1513.jpg,13
Downtempo_2518.jpg,13
Drone_4311.jpg,13
Glitch Pop_4616.jpg,13
Psichedelia occulta italiana_4709.jpg,13
Progressive Electronic_840.jpg,13
Minimalism_683.jpg,13
Experimental Hip Hop_495.jpg,13
Experimental Hip Hop_4883.jpg,13
Drone_3007.jpg,13
Post-Industrial_5328.jpg,13
Experimental_276.jpg,13
Experimental_4480.jpg,13
Progressive Electronic_5786.jpg,13
IDM_1511.jpg,13
Experimental Hip Hop_4536.jpg,13
Drone_3148.jpg,13
Ethereal Wave_4506.jpg,14
Ambient_2337.jpg,14
Noise Pop_2310.jpg,14
Noise Pop_5408.jpg,14
Ambient_5206.jpg,14
Ambient_3531.jpg,14
Folktronica_686.jpg,14
Slowcore_1416.jpg,14
Atmospheric Sludge Metal_5473.jpg,14
Noise Pop_4956.jpg,14
Folktronica_4309.jpg,14
Ambient_3371.jpg,14
Ambient_3453.jpg,14
Ambient Pop_3739.jpg,14
Ambient_3520.jpg,14
Noise Pop_880.jpg,14
Atmospheric Sludge Metal_5476.jpg,14
Folktronica_1846.jpg,14
Ambient_3054.jpg,14
Noise Pop_3358.jpg,14
Ambient_4477.jpg,14
Ambient_2885.jpg,14
Atmospheric Sludge Metal_5477.jpg,14
Noise Pop_758.jpg,14
Ambient_1872.jpg,14
Ambient_6367.jpg,14
Reggae_4840.jpg,15
Mande Music_1129.jpg,15
Afrobeat_6092.jpg,15
Cumbia_4866.jpg,15
Ska_6082.jpg,15
Afrobeat_3980.jpg,15
Mande Music_695.jpg,15
Tishoumaren_1164.jpg,15
Mande Music_3544.jpg,15
MPB_447.jpg,15
Ska_6053.jpg,15
Tishoumaren_1079.jpg,15
Reggae_5049.jpg,15
Latin Alternative_1285.jpg,15
Mande Music_1293.jpg,15
Latin Alternative_1096.jpg,15
Latin Alternative_2197.jpg,15
Mande Music_423.jpg,15
Reggae_269.jpg,15
Mande Music_731.jpg,15
Latin Alternative_2805.jpg,15
Reggae_3866.jpg,15
Afrobeat_6093.jpg,15
Reggae_4741.jpg,15
Afrobeat_6095.jpg,15
Afrobeat_6094.jpg,15
